## 阿里云RDS PG postgres_fdw sharding 分库分表 (not drds)  
                                                                                                         
### 作者                                                                
digoal                                                                                                         
                                                                                                         
### 日期                                                                                                         
2019-11-22                                                                                                     
                                                                                                         
### 标签                                                                                                         
PostgreSQL , 阿里云 , rds , postgres_fdw , 分库分表 , drds    
                                                                                                         
----                                                                                                         
                                                                                                         
## 背景      
在同一个vpc内的所有rds pg实例，可以互联互通。甚至和mysql实例也能互联互通。  
  
[《阿里云 RDS PostgreSQL 云盘版支持 mysql_fdw - 直接读写mysql数据，作为小型实时数据仓库》](../201911/20191112_03.md)    
  
[《阿里云RDS PG 11开放dblink, postgres_fdw权限》](../201910/20191023_01.md)    
  
利用PostgreSQL的postgres_fdw, partition table的接口，可以实现数据库的分库分表。  
  
但是不建议盲目使用：  
  
- 使用起来较为复杂  
- 如果是简单的增删改查操作，PG单库已经可以提供很强的能力 [《PostgreSQL 11 1万亿 tpcb 性能测试 on 阿里云ECS + ESSD + zfs/lvm2条带 + block_size=32K》](../201809/20180919_01.md)    
- 如果业务确定要用分库分表，一定要明确是分析业务，还是oltp业务。  oltp 业务建议使用citus这样的形态（或者应用层决策分库，例如很多paas类场景，例如企业erp，每个企业对应一套数据库，没有跨企业的数据操作，所以可以用schema或database隔离企业数据，在业务层面实现简单分库分表效率是最高的），ap业务建议使用greenplum。   
  
不过还是要提一下如何使用postgres_fdw结合分区表实现分库分表。未来PG社区可能会在这个形态下发力(bruce 多次公开分享了社区使用postgres_fdw做sharding的想法)，在性能、功能方面实现更完美的操作。  
  
## postgres_fdw + 分区表sharding 分库分表  
  
环境：  
  
master  
pgm-bp15yx5p63i8y52f117910.pg.rds.aliyuncs.com  
  
shard0, shard1  
pgm-bp121kb7628ub4p9118050.pg.rds.aliyuncs.com  
  
shard2, shard3  
pgm-bp11lllmi55hyq68118070.pg.rds.aliyuncs.com  
  
步骤：  
  
1、在master上创建postgres_fdw以及主表（主分区）。应用访问master  
  
2、在shard上创建分区表  
  
3、在master上创建这些分区表的外部表  
  
4、将外部表作为分区attach到主表  
  
5、应用访问master的主表即可。数据自动路由到shard。  
  
支持select, insert, update, delete, join, group, sort等操作，所有操作不受影响，只是某些查询可以push down，某些可能不行。  
  
## 详细步骤  
```  
export PGPASSWORD=xxx  
export PGHOST=xxxxpg.rds.aliyuncs.com  
export PGPORT=3433  
export PGUSER=dtstest  
```  
  
1、master，创建master库。  
  
```  
create database master with owner dtstest;  
```  
  
2、远程，创建shard库。  
  
远程实例1  
  
```  
create database shard0 with owner dtstest;  
create database shard1 with owner dtstest;  
```  
  
远程实例2  
  
```  
create database shard2 with owner dtstest;  
create database shard3 with owner dtstest;  
```  
  
3、master，创建fdw插件  
  
```  
create extension postgres_fdw;  
```  
  
3、master，创建远程实例server  
  
```  
CREATE SERVER s0   
FOREIGN DATA WRAPPER postgres_fdw  
OPTIONS (host 'pgm-bp121kb7628ub4p9118050.pg.rds.aliyuncs.com', port '3433', dbname 'shard0');  
CREATE SERVER s1   
FOREIGN DATA WRAPPER postgres_fdw  
OPTIONS (host 'pgm-bp121kb7628ub4p9118050.pg.rds.aliyuncs.com', port '3433', dbname 'shard1');  
CREATE SERVER s2   
FOREIGN DATA WRAPPER postgres_fdw  
OPTIONS (host 'pgm-bp11lllmi55hyq68118070.pg.rds.aliyuncs.com', port '3433', dbname 'shard2');  
CREATE SERVER s3   
FOREIGN DATA WRAPPER postgres_fdw  
OPTIONS (host 'pgm-bp11lllmi55hyq68118070.pg.rds.aliyuncs.com', port '3433', dbname 'shard3');  
```  
  
4、master，给本地账号（应用程序连接master的数据库账号）配置如何连接远程实例server  
  
```  
CREATE USER MAPPING FOR 本地账号   
SERVER s0  
OPTIONS (user '远程实例账号', password '远程实例账号密码');  
CREATE USER MAPPING FOR dtstest   
SERVER s1  
OPTIONS (user 'dtstest', password 'xxx');  
CREATE USER MAPPING FOR dtstest   
SERVER s2  
OPTIONS (user 'dtstest', password 'xxx');  
CREATE USER MAPPING FOR dtstest   
SERVER s3  
OPTIONS (user 'dtstest', password 'xxx');  
```  
  
5、master，创建主表（主分区），如果是多级分区表，则创建好一级分区。    
  
```  
create table tbl_user (id int, info text, crt_time timestamp) PARTITION BY hash (id);  
create table tbl_log  (id int, orderid int8, info text, crt_time timestamp) PARTITION BY hash (id);  
```  
  
tbl_log为两级分区表，第一级是id hash分区，第二级是orderid分区  
  
```  
create table tbl_log0 PARTITION OF tbl_log FOR VALUES WITH ( MODULUS 4, REMAINDER 0) PARTITION BY hash (orderid);  
create table tbl_log1 PARTITION OF tbl_log FOR VALUES WITH ( MODULUS 4, REMAINDER 1) PARTITION BY hash (orderid);  
create table tbl_log2 PARTITION OF tbl_log FOR VALUES WITH ( MODULUS 4, REMAINDER 2) PARTITION BY hash (orderid);  
create table tbl_log3 PARTITION OF tbl_log FOR VALUES WITH ( MODULUS 4, REMAINDER 3) PARTITION BY hash (orderid);  
```  
  
接下来这些表的下一级分区将使用fdw外部表attach上来。  
  
多级分区可以定义在master，也可以下放到远程库进行定义。本例使用的是master定义二级分区。  
  
6、远程库，创建数据表  
  
s0,s1,s2,s3  
  
```  
create table tbl_user (id int primary key, info text, crt_time timestamp);  
  
create table tbl_log_0  (id int not null, orderid int8 not null, info text, crt_time timestamp);  
create table tbl_log_1  (id int not null, orderid int8 not null, info text, crt_time timestamp);  
create table tbl_log_2  (id int not null, orderid int8 not null, info text, crt_time timestamp);  
create table tbl_log_3  (id int not null, orderid int8 not null, info text, crt_time timestamp);  
```  
  
7、master，创建远程实例的外部表。  
  
```  
CREATE FOREIGN TABLE tbl_user_0 (id int not null, info text, crt_time timestamp)  
SERVER s0  
OPTIONS (schema_name 'public', table_name 'tbl_user');  
CREATE FOREIGN TABLE tbl_user_1 (id int not null, info text, crt_time timestamp)  
SERVER s1  
OPTIONS (schema_name 'public', table_name 'tbl_user');  
CREATE FOREIGN TABLE tbl_user_2 (id int not null, info text, crt_time timestamp)  
SERVER s2  
OPTIONS (schema_name 'public', table_name 'tbl_user');  
CREATE FOREIGN TABLE tbl_user_3 (id int not null, info text, crt_time timestamp)  
SERVER s3  
OPTIONS (schema_name 'public', table_name 'tbl_user');  
```  
  
```  
CREATE FOREIGN TABLE tbl_log0_0 (id int not null, orderid int8 not null, info text, crt_time timestamp)  
SERVER s0  
OPTIONS (schema_name 'public', table_name 'tbl_log_0');  
CREATE FOREIGN TABLE tbl_log0_1 (id int not null, orderid int8 not null, info text, crt_time timestamp)  
SERVER s0  
OPTIONS (schema_name 'public', table_name 'tbl_log_1');  
CREATE FOREIGN TABLE tbl_log0_2 (id int not null, orderid int8 not null, info text, crt_time timestamp)  
SERVER s0  
OPTIONS (schema_name 'public', table_name 'tbl_log_2');  
CREATE FOREIGN TABLE tbl_log0_3 (id int not null, orderid int8 not null, info text, crt_time timestamp)  
SERVER s0  
OPTIONS (schema_name 'public', table_name 'tbl_log_3');  
```  
  
```  
CREATE FOREIGN TABLE tbl_log1_0 (id int not null, orderid int8 not null, info text, crt_time timestamp)  
SERVER s1  
OPTIONS (schema_name 'public', table_name 'tbl_log_0');  
CREATE FOREIGN TABLE tbl_log1_1 (id int not null, orderid int8 not null, info text, crt_time timestamp)  
SERVER s1  
OPTIONS (schema_name 'public', table_name 'tbl_log_1');  
CREATE FOREIGN TABLE tbl_log1_2 (id int not null, orderid int8 not null, info text, crt_time timestamp)  
SERVER s1  
OPTIONS (schema_name 'public', table_name 'tbl_log_2');  
CREATE FOREIGN TABLE tbl_log1_3 (id int not null, orderid int8 not null, info text, crt_time timestamp)  
SERVER s1  
OPTIONS (schema_name 'public', table_name 'tbl_log_3');  
```  
  
```  
CREATE FOREIGN TABLE tbl_log2_0 (id int not null, orderid int8 not null, info text, crt_time timestamp)  
SERVER s2  
OPTIONS (schema_name 'public', table_name 'tbl_log_0');  
CREATE FOREIGN TABLE tbl_log2_1 (id int not null, orderid int8 not null, info text, crt_time timestamp)  
SERVER s2  
OPTIONS (schema_name 'public', table_name 'tbl_log_1');  
CREATE FOREIGN TABLE tbl_log2_2 (id int not null, orderid int8 not null, info text, crt_time timestamp)  
SERVER s2  
OPTIONS (schema_name 'public', table_name 'tbl_log_2');  
CREATE FOREIGN TABLE tbl_log2_3 (id int not null, orderid int8 not null, info text, crt_time timestamp)  
SERVER s2  
OPTIONS (schema_name 'public', table_name 'tbl_log_3');  
```  
  
```  
CREATE FOREIGN TABLE tbl_log3_0 (id int not null, orderid int8 not null, info text, crt_time timestamp)  
SERVER s3  
OPTIONS (schema_name 'public', table_name 'tbl_log_0');  
CREATE FOREIGN TABLE tbl_log3_1 (id int not null, orderid int8 not null, info text, crt_time timestamp)  
SERVER s3  
OPTIONS (schema_name 'public', table_name 'tbl_log_1');  
CREATE FOREIGN TABLE tbl_log3_2 (id int not null, orderid int8 not null, info text, crt_time timestamp)  
SERVER s3  
OPTIONS (schema_name 'public', table_name 'tbl_log_2');  
CREATE FOREIGN TABLE tbl_log3_3 (id int not null, orderid int8 not null, info text, crt_time timestamp)  
SERVER s3  
OPTIONS (schema_name 'public', table_name 'tbl_log_3');  
```  
  
attach分区  
  
  
```  
alter table tbl_user attach partition tbl_user_0 FOR VALUES WITH ( MODULUS 4, REMAINDER 0);  
alter table tbl_user attach partition tbl_user_1 FOR VALUES WITH ( MODULUS 4, REMAINDER 1);  
alter table tbl_user attach partition tbl_user_2 FOR VALUES WITH ( MODULUS 4, REMAINDER 2);  
alter table tbl_user attach partition tbl_user_3 FOR VALUES WITH ( MODULUS 4, REMAINDER 3);  
  
alter table tbl_log0 attach partition tbl_log0_0 FOR VALUES WITH ( MODULUS 4, REMAINDER 0);  
alter table tbl_log0 attach partition tbl_log0_1 FOR VALUES WITH ( MODULUS 4, REMAINDER 1);  
alter table tbl_log0 attach partition tbl_log0_2 FOR VALUES WITH ( MODULUS 4, REMAINDER 2);  
alter table tbl_log0 attach partition tbl_log0_3 FOR VALUES WITH ( MODULUS 4, REMAINDER 3);  
  
alter table tbl_log1 attach partition tbl_log1_0 FOR VALUES WITH ( MODULUS 4, REMAINDER 0);  
alter table tbl_log1 attach partition tbl_log1_1 FOR VALUES WITH ( MODULUS 4, REMAINDER 1);  
alter table tbl_log1 attach partition tbl_log1_2 FOR VALUES WITH ( MODULUS 4, REMAINDER 2);  
alter table tbl_log1 attach partition tbl_log1_3 FOR VALUES WITH ( MODULUS 4, REMAINDER 3);  
  
  
alter table tbl_log2 attach partition tbl_log2_0 FOR VALUES WITH ( MODULUS 4, REMAINDER 0);  
alter table tbl_log2 attach partition tbl_log2_1 FOR VALUES WITH ( MODULUS 4, REMAINDER 1);  
alter table tbl_log2 attach partition tbl_log2_2 FOR VALUES WITH ( MODULUS 4, REMAINDER 2);  
alter table tbl_log2 attach partition tbl_log2_3 FOR VALUES WITH ( MODULUS 4, REMAINDER 3);  
  
  
alter table tbl_log3 attach partition tbl_log3_0 FOR VALUES WITH ( MODULUS 4, REMAINDER 0);  
alter table tbl_log3 attach partition tbl_log3_1 FOR VALUES WITH ( MODULUS 4, REMAINDER 1);  
alter table tbl_log3 attach partition tbl_log3_2 FOR VALUES WITH ( MODULUS 4, REMAINDER 2);  
alter table tbl_log3 attach partition tbl_log3_3 FOR VALUES WITH ( MODULUS 4, REMAINDER 3);  
```  
  
以上，部署了两个表的sharding，其中一个为一级分区，另一个是二级分区。   
  
### 使用  
读  
  
写  
  
更新  
  
JOIN   
  
排序  
  
聚合  
  
```  
master=> insert into tbl_user select generate_series(1,10000), md5(random()::text), clock_timestamp();  
INSERT 0 10000  
Time: 2068.634 ms (00:02.069)  
  
master=> select * from tbl_user where id=1;  
 id |               info               |          crt_time            
----+----------------------------------+----------------------------  
  1 | ce4195228b81c7324e74c7581e2f9b6b | 2019-11-22 14:32:46.963279  
(1 row)  
  
Time: 2.868 ms  
master=> explain verbose select * from tbl_user where id=1;  
                                     QUERY PLAN                                        
-------------------------------------------------------------------------------------  
 Append  (cost=100.00..125.20 rows=6 width=44)  
   ->  Foreign Scan on public.tbl_user_0  (cost=100.00..125.17 rows=6 width=44)  
         Output: tbl_user_0.id, tbl_user_0.info, tbl_user_0.crt_time  
         Remote SQL: SELECT id, info, crt_time FROM public.tbl_user WHERE ((id = 1))  
(4 rows)  
  
Time: 0.740 ms  
  
master=> insert into tbl_log select random()*10000, generate_series(1,100000), md5(random()::text), clock_timestamp();  
INSERT 0 100000  
  
  
master=> select * from tbl_log where orderid =1;  
  id  | orderid |               info               |         crt_time            
------+---------+----------------------------------+---------------------------  
 3913 |       1 | ea78241381ffc6f18e97d575b8173cb7 | 2019-11-22 14:54:29.76664  
(1 row)  
  
Time: 10.395 ms  
master=> explain verbose select * from tbl_log where orderid =1;  
                                             QUERY PLAN                                               
----------------------------------------------------------------------------------------------------  
 Append  (cost=100.00..494.35 rows=20 width=52)  
   ->  Foreign Scan on public.tbl_log0_0  (cost=100.00..123.56 rows=5 width=52)  
         Output: tbl_log0_0.id, tbl_log0_0.orderid, tbl_log0_0.info, tbl_log0_0.crt_time  
         Remote SQL: SELECT id, orderid, info, crt_time FROM public.tbl_log_0 WHERE ((orderid = 1))  
   ->  Foreign Scan on public.tbl_log1_0  (cost=100.00..123.56 rows=5 width=52)  
         Output: tbl_log1_0.id, tbl_log1_0.orderid, tbl_log1_0.info, tbl_log1_0.crt_time  
         Remote SQL: SELECT id, orderid, info, crt_time FROM public.tbl_log_0 WHERE ((orderid = 1))  
   ->  Foreign Scan on public.tbl_log2_0  (cost=100.00..123.56 rows=5 width=52)  
         Output: tbl_log2_0.id, tbl_log2_0.orderid, tbl_log2_0.info, tbl_log2_0.crt_time  
         Remote SQL: SELECT id, orderid, info, crt_time FROM public.tbl_log_0 WHERE ((orderid = 1))  
   ->  Foreign Scan on public.tbl_log3_0  (cost=100.00..123.56 rows=5 width=52)  
         Output: tbl_log3_0.id, tbl_log3_0.orderid, tbl_log3_0.info, tbl_log3_0.crt_time  
         Remote SQL: SELECT id, orderid, info, crt_time FROM public.tbl_log_0 WHERE ((orderid = 1))  
(13 rows)  
  
Time: 1.186 ms  
master=> explain verbose select * from tbl_log where id=1;  
                                          QUERY PLAN                                             
-----------------------------------------------------------------------------------------------  
 Append  (cost=100.00..494.35 rows=20 width=52)  
   ->  Foreign Scan on public.tbl_log0_0  (cost=100.00..123.56 rows=5 width=52)  
         Output: tbl_log0_0.id, tbl_log0_0.orderid, tbl_log0_0.info, tbl_log0_0.crt_time  
         Remote SQL: SELECT id, orderid, info, crt_time FROM public.tbl_log_0 WHERE ((id = 1))  
   ->  Foreign Scan on public.tbl_log0_1  (cost=100.00..123.56 rows=5 width=52)  
         Output: tbl_log0_1.id, tbl_log0_1.orderid, tbl_log0_1.info, tbl_log0_1.crt_time  
         Remote SQL: SELECT id, orderid, info, crt_time FROM public.tbl_log_1 WHERE ((id = 1))  
   ->  Foreign Scan on public.tbl_log0_2  (cost=100.00..123.56 rows=5 width=52)  
         Output: tbl_log0_2.id, tbl_log0_2.orderid, tbl_log0_2.info, tbl_log0_2.crt_time  
         Remote SQL: SELECT id, orderid, info, crt_time FROM public.tbl_log_2 WHERE ((id = 1))  
   ->  Foreign Scan on public.tbl_log0_3  (cost=100.00..123.56 rows=5 width=52)  
         Output: tbl_log0_3.id, tbl_log0_3.orderid, tbl_log0_3.info, tbl_log0_3.crt_time  
         Remote SQL: SELECT id, orderid, info, crt_time FROM public.tbl_log_3 WHERE ((id = 1))  
(13 rows)  
  
Time: 0.928 ms  
master=> explain verbose select * from tbl_log join tbl_user using (id) where tbl_log.orderid=1;  
                                                          QUERY PLAN                                                             
-------------------------------------------------------------------------------------------------------------------------------  
 Append  (cost=223.65..1098.94 rows=120 width=92)  
   ->  Hash Join  (cost=223.65..274.58 rows=30 width=92)  
         Output: tbl_log0_0.id, tbl_log0_0.orderid, tbl_log0_0.info, tbl_log0_0.crt_time, tbl_user_0.info, tbl_user_0.crt_time  
         Hash Cond: (tbl_user_0.id = tbl_log0_0.id)  
         ->  Foreign Scan on public.tbl_user_0  (cost=100.00..146.12 rows=1204 width=44)  
               Output: tbl_user_0.info, tbl_user_0.crt_time, tbl_user_0.id  
               Remote SQL: SELECT id, info, crt_time FROM public.tbl_user  
         ->  Hash  (cost=123.59..123.59 rows=5 width=52)  
               Output: tbl_log0_0.id, tbl_log0_0.orderid, tbl_log0_0.info, tbl_log0_0.crt_time  
               ->  Append  (cost=100.00..123.59 rows=5 width=52)  
                     ->  Foreign Scan on public.tbl_log0_0  (cost=100.00..123.56 rows=5 width=52)  
                           Output: tbl_log0_0.id, tbl_log0_0.orderid, tbl_log0_0.info, tbl_log0_0.crt_time  
                           Remote SQL: SELECT id, orderid, info, crt_time FROM public.tbl_log_0 WHERE ((orderid = 1))  
   ->  Hash Join  (cost=223.65..274.58 rows=30 width=92)  
         Output: tbl_log1_0.id, tbl_log1_0.orderid, tbl_log1_0.info, tbl_log1_0.crt_time, tbl_user_1.info, tbl_user_1.crt_time  
         Hash Cond: (tbl_user_1.id = tbl_log1_0.id)  
         ->  Foreign Scan on public.tbl_user_1  (cost=100.00..146.12 rows=1204 width=44)  
               Output: tbl_user_1.info, tbl_user_1.crt_time, tbl_user_1.id  
               Remote SQL: SELECT id, info, crt_time FROM public.tbl_user  
         ->  Hash  (cost=123.59..123.59 rows=5 width=52)  
               Output: tbl_log1_0.id, tbl_log1_0.orderid, tbl_log1_0.info, tbl_log1_0.crt_time  
               ->  Append  (cost=100.00..123.59 rows=5 width=52)  
                     ->  Foreign Scan on public.tbl_log1_0  (cost=100.00..123.56 rows=5 width=52)  
                           Output: tbl_log1_0.id, tbl_log1_0.orderid, tbl_log1_0.info, tbl_log1_0.crt_time  
                           Remote SQL: SELECT id, orderid, info, crt_time FROM public.tbl_log_0 WHERE ((orderid = 1))  
   ->  Hash Join  (cost=223.65..274.58 rows=30 width=92)  
         Output: tbl_log2_0.id, tbl_log2_0.orderid, tbl_log2_0.info, tbl_log2_0.crt_time, tbl_user_2.info, tbl_user_2.crt_time  
         Hash Cond: (tbl_user_2.id = tbl_log2_0.id)  
         ->  Foreign Scan on public.tbl_user_2  (cost=100.00..146.12 rows=1204 width=44)  
               Output: tbl_user_2.info, tbl_user_2.crt_time, tbl_user_2.id  
               Remote SQL: SELECT id, info, crt_time FROM public.tbl_user  
         ->  Hash  (cost=123.59..123.59 rows=5 width=52)  
               Output: tbl_log2_0.id, tbl_log2_0.orderid, tbl_log2_0.info, tbl_log2_0.crt_time  
               ->  Append  (cost=100.00..123.59 rows=5 width=52)  
                     ->  Foreign Scan on public.tbl_log2_0  (cost=100.00..123.56 rows=5 width=52)  
                           Output: tbl_log2_0.id, tbl_log2_0.orderid, tbl_log2_0.info, tbl_log2_0.crt_time  
                           Remote SQL: SELECT id, orderid, info, crt_time FROM public.tbl_log_0 WHERE ((orderid = 1))  
   ->  Hash Join  (cost=223.65..274.58 rows=30 width=92)  
         Output: tbl_log3_0.id, tbl_log3_0.orderid, tbl_log3_0.info, tbl_log3_0.crt_time, tbl_user_3.info, tbl_user_3.crt_time  
         Hash Cond: (tbl_user_3.id = tbl_log3_0.id)  
         ->  Foreign Scan on public.tbl_user_3  (cost=100.00..146.12 rows=1204 width=44)  
               Output: tbl_user_3.info, tbl_user_3.crt_time, tbl_user_3.id  
               Remote SQL: SELECT id, info, crt_time FROM public.tbl_user  
         ->  Hash  (cost=123.59..123.59 rows=5 width=52)  
               Output: tbl_log3_0.id, tbl_log3_0.orderid, tbl_log3_0.info, tbl_log3_0.crt_time  
               ->  Append  (cost=100.00..123.59 rows=5 width=52)  
                     ->  Foreign Scan on public.tbl_log3_0  (cost=100.00..123.56 rows=5 width=52)  
                           Output: tbl_log3_0.id, tbl_log3_0.orderid, tbl_log3_0.info, tbl_log3_0.crt_time  
                           Remote SQL: SELECT id, orderid, info, crt_time FROM public.tbl_log_0 WHERE ((orderid = 1))  
(49 rows)  
  
Time: 1.575 ms  
master=> explain verbose select * from tbl_log join tbl_user using (id) ;  
                                                          QUERY PLAN                                                             
-------------------------------------------------------------------------------------------------------------------------------  
 Append  (cost=1058.55..6333.02 rows=103736 width=92)  
   ->  Merge Join  (cost=1058.55..1453.58 rows=25934 width=92)  
         Output: tbl_log0_0.id, tbl_log0_0.orderid, tbl_log0_0.info, tbl_log0_0.crt_time, tbl_user_0.info, tbl_user_0.crt_time  
         Merge Cond: (tbl_user_0.id = tbl_log0_0.id)  
         ->  Sort  (cost=207.73..210.74 rows=1204 width=44)  
               Output: tbl_user_0.info, tbl_user_0.crt_time, tbl_user_0.id  
               Sort Key: tbl_user_0.id  
               ->  Foreign Scan on public.tbl_user_0  (cost=100.00..146.12 rows=1204 width=44)  
                     Output: tbl_user_0.info, tbl_user_0.crt_time, tbl_user_0.id  
                     Remote SQL: SELECT id, info, crt_time FROM public.tbl_user  
         ->  Sort  (cost=850.83..861.60 rows=4308 width=52)  
               Output: tbl_log0_0.id, tbl_log0_0.orderid, tbl_log0_0.info, tbl_log0_0.crt_time  
               Sort Key: tbl_log0_0.id  
               ->  Append  (cost=100.00..590.78 rows=4308 width=52)  
                     ->  Foreign Scan on public.tbl_log0_0  (cost=100.00..142.31 rows=1077 width=52)  
                           Output: tbl_log0_0.id, tbl_log0_0.orderid, tbl_log0_0.info, tbl_log0_0.crt_time  
                           Remote SQL: SELECT id, orderid, info, crt_time FROM public.tbl_log_0  
                     ->  Foreign Scan on public.tbl_log0_1  (cost=100.00..142.31 rows=1077 width=52)  
                           Output: tbl_log0_1.id, tbl_log0_1.orderid, tbl_log0_1.info, tbl_log0_1.crt_time  
                           Remote SQL: SELECT id, orderid, info, crt_time FROM public.tbl_log_1  
                     ->  Foreign Scan on public.tbl_log0_2  (cost=100.00..142.31 rows=1077 width=52)  
                           Output: tbl_log0_2.id, tbl_log0_2.orderid, tbl_log0_2.info, tbl_log0_2.crt_time  
                           Remote SQL: SELECT id, orderid, info, crt_time FROM public.tbl_log_2  
                     ->  Foreign Scan on public.tbl_log0_3  (cost=100.00..142.31 rows=1077 width=52)  
                           Output: tbl_log0_3.id, tbl_log0_3.orderid, tbl_log0_3.info, tbl_log0_3.crt_time  
                           Remote SQL: SELECT id, orderid, info, crt_time FROM public.tbl_log_3  
   ->  Merge Join  (cost=1058.55..1453.58 rows=25934 width=92)  
         Output: tbl_log1_0.id, tbl_log1_0.orderid, tbl_log1_0.info, tbl_log1_0.crt_time, tbl_user_1.info, tbl_user_1.crt_time  
         Merge Cond: (tbl_user_1.id = tbl_log1_0.id)  
         ->  Sort  (cost=207.73..210.74 rows=1204 width=44)  
               Output: tbl_user_1.info, tbl_user_1.crt_time, tbl_user_1.id  
               Sort Key: tbl_user_1.id  
               ->  Foreign Scan on public.tbl_user_1  (cost=100.00..146.12 rows=1204 width=44)  
                     Output: tbl_user_1.info, tbl_user_1.crt_time, tbl_user_1.id  
                     Remote SQL: SELECT id, info, crt_time FROM public.tbl_user  
         ->  Sort  (cost=850.83..861.60 rows=4308 width=52)  
               Output: tbl_log1_0.id, tbl_log1_0.orderid, tbl_log1_0.info, tbl_log1_0.crt_time  
               Sort Key: tbl_log1_0.id  
               ->  Append  (cost=100.00..590.78 rows=4308 width=52)  
                     ->  Foreign Scan on public.tbl_log1_0  (cost=100.00..142.31 rows=1077 width=52)  
                           Output: tbl_log1_0.id, tbl_log1_0.orderid, tbl_log1_0.info, tbl_log1_0.crt_time  
                           Remote SQL: SELECT id, orderid, info, crt_time FROM public.tbl_log_0  
                     ->  Foreign Scan on public.tbl_log1_1  (cost=100.00..142.31 rows=1077 width=52)  
                           Output: tbl_log1_1.id, tbl_log1_1.orderid, tbl_log1_1.info, tbl_log1_1.crt_time  
                           Remote SQL: SELECT id, orderid, info, crt_time FROM public.tbl_log_1  
                     ->  Foreign Scan on public.tbl_log1_2  (cost=100.00..142.31 rows=1077 width=52)  
                           Output: tbl_log1_2.id, tbl_log1_2.orderid, tbl_log1_2.info, tbl_log1_2.crt_time  
                           Remote SQL: SELECT id, orderid, info, crt_time FROM public.tbl_log_2  
                     ->  Foreign Scan on public.tbl_log1_3  (cost=100.00..142.31 rows=1077 width=52)  
                           Output: tbl_log1_3.id, tbl_log1_3.orderid, tbl_log1_3.info, tbl_log1_3.crt_time  
                           Remote SQL: SELECT id, orderid, info, crt_time FROM public.tbl_log_3  
   ->  Merge Join  (cost=1058.55..1453.58 rows=25934 width=92)  
         Output: tbl_log2_0.id, tbl_log2_0.orderid, tbl_log2_0.info, tbl_log2_0.crt_time, tbl_user_2.info, tbl_user_2.crt_time  
         Merge Cond: (tbl_user_2.id = tbl_log2_0.id)  
         ->  Sort  (cost=207.73..210.74 rows=1204 width=44)  
               Output: tbl_user_2.info, tbl_user_2.crt_time, tbl_user_2.id  
               Sort Key: tbl_user_2.id  
               ->  Foreign Scan on public.tbl_user_2  (cost=100.00..146.12 rows=1204 width=44)  
                     Output: tbl_user_2.info, tbl_user_2.crt_time, tbl_user_2.id  
                     Remote SQL: SELECT id, info, crt_time FROM public.tbl_user  
         ->  Sort  (cost=850.83..861.60 rows=4308 width=52)  
               Output: tbl_log2_0.id, tbl_log2_0.orderid, tbl_log2_0.info, tbl_log2_0.crt_time  
               Sort Key: tbl_log2_0.id  
               ->  Append  (cost=100.00..590.78 rows=4308 width=52)  
                     ->  Foreign Scan on public.tbl_log2_0  (cost=100.00..142.31 rows=1077 width=52)  
                           Output: tbl_log2_0.id, tbl_log2_0.orderid, tbl_log2_0.info, tbl_log2_0.crt_time  
                           Remote SQL: SELECT id, orderid, info, crt_time FROM public.tbl_log_0  
                     ->  Foreign Scan on public.tbl_log2_1  (cost=100.00..142.31 rows=1077 width=52)  
                           Output: tbl_log2_1.id, tbl_log2_1.orderid, tbl_log2_1.info, tbl_log2_1.crt_time  
                           Remote SQL: SELECT id, orderid, info, crt_time FROM public.tbl_log_1  
                     ->  Foreign Scan on public.tbl_log2_2  (cost=100.00..142.31 rows=1077 width=52)  
                           Output: tbl_log2_2.id, tbl_log2_2.orderid, tbl_log2_2.info, tbl_log2_2.crt_time  
                           Remote SQL: SELECT id, orderid, info, crt_time FROM public.tbl_log_2  
                     ->  Foreign Scan on public.tbl_log2_3  (cost=100.00..142.31 rows=1077 width=52)  
                           Output: tbl_log2_3.id, tbl_log2_3.orderid, tbl_log2_3.info, tbl_log2_3.crt_time  
                           Remote SQL: SELECT id, orderid, info, crt_time FROM public.tbl_log_3  
   ->  Merge Join  (cost=1058.55..1453.58 rows=25934 width=92)  
         Output: tbl_log3_0.id, tbl_log3_0.orderid, tbl_log3_0.info, tbl_log3_0.crt_time, tbl_user_3.info, tbl_user_3.crt_time  
         Merge Cond: (tbl_user_3.id = tbl_log3_0.id)  
         ->  Sort  (cost=207.73..210.74 rows=1204 width=44)  
               Output: tbl_user_3.info, tbl_user_3.crt_time, tbl_user_3.id  
               Sort Key: tbl_user_3.id  
               ->  Foreign Scan on public.tbl_user_3  (cost=100.00..146.12 rows=1204 width=44)  
                     Output: tbl_user_3.info, tbl_user_3.crt_time, tbl_user_3.id  
                     Remote SQL: SELECT id, info, crt_time FROM public.tbl_user  
         ->  Sort  (cost=850.83..861.60 rows=4308 width=52)  
               Output: tbl_log3_0.id, tbl_log3_0.orderid, tbl_log3_0.info, tbl_log3_0.crt_time  
               Sort Key: tbl_log3_0.id  
               ->  Append  (cost=100.00..590.78 rows=4308 width=52)  
                     ->  Foreign Scan on public.tbl_log3_0  (cost=100.00..142.31 rows=1077 width=52)  
                           Output: tbl_log3_0.id, tbl_log3_0.orderid, tbl_log3_0.info, tbl_log3_0.crt_time  
                           Remote SQL: SELECT id, orderid, info, crt_time FROM public.tbl_log_0  
                     ->  Foreign Scan on public.tbl_log3_1  (cost=100.00..142.31 rows=1077 width=52)  
                           Output: tbl_log3_1.id, tbl_log3_1.orderid, tbl_log3_1.info, tbl_log3_1.crt_time  
                           Remote SQL: SELECT id, orderid, info, crt_time FROM public.tbl_log_1  
                     ->  Foreign Scan on public.tbl_log3_2  (cost=100.00..142.31 rows=1077 width=52)  
                           Output: tbl_log3_2.id, tbl_log3_2.orderid, tbl_log3_2.info, tbl_log3_2.crt_time  
                           Remote SQL: SELECT id, orderid, info, crt_time FROM public.tbl_log_2  
                     ->  Foreign Scan on public.tbl_log3_3  (cost=100.00..142.31 rows=1077 width=52)  
                           Output: tbl_log3_3.id, tbl_log3_3.orderid, tbl_log3_3.info, tbl_log3_3.crt_time  
                           Remote SQL: SELECT id, orderid, info, crt_time FROM public.tbl_log_3  
(101 rows)  
  
Time: 1.692 ms  
master=> explain verbose select * from tbl_log order by id limit 1;  
                                                  QUERY PLAN                                                     
---------------------------------------------------------------------------------------------------------------  
 Limit  (cost=1600.32..1600.39 rows=1 width=52)  
   Output: tbl_log0_0.id, tbl_log0_0.orderid, tbl_log0_0.info, tbl_log0_0.crt_time  
   ->  Merge Append  (cost=1600.32..2774.54 rows=17232 width=52)  
         Sort Key: tbl_log0_0.id  
         ->  Foreign Scan on public.tbl_log0_0  (cost=100.00..146.46 rows=1077 width=52)  
               Output: tbl_log0_0.id, tbl_log0_0.orderid, tbl_log0_0.info, tbl_log0_0.crt_time  
               Remote SQL: SELECT id, orderid, info, crt_time FROM public.tbl_log_0 ORDER BY id ASC NULLS LAST  
         ->  Foreign Scan on public.tbl_log0_1  (cost=100.00..146.46 rows=1077 width=52)  
               Output: tbl_log0_1.id, tbl_log0_1.orderid, tbl_log0_1.info, tbl_log0_1.crt_time  
               Remote SQL: SELECT id, orderid, info, crt_time FROM public.tbl_log_1 ORDER BY id ASC NULLS LAST  
         ->  Foreign Scan on public.tbl_log0_2  (cost=100.00..146.46 rows=1077 width=52)  
               Output: tbl_log0_2.id, tbl_log0_2.orderid, tbl_log0_2.info, tbl_log0_2.crt_time  
               Remote SQL: SELECT id, orderid, info, crt_time FROM public.tbl_log_2 ORDER BY id ASC NULLS LAST  
         ->  Foreign Scan on public.tbl_log0_3  (cost=100.00..146.46 rows=1077 width=52)  
               Output: tbl_log0_3.id, tbl_log0_3.orderid, tbl_log0_3.info, tbl_log0_3.crt_time  
               Remote SQL: SELECT id, orderid, info, crt_time FROM public.tbl_log_3 ORDER BY id ASC NULLS LAST  
         ->  Foreign Scan on public.tbl_log1_0  (cost=100.00..146.46 rows=1077 width=52)  
               Output: tbl_log1_0.id, tbl_log1_0.orderid, tbl_log1_0.info, tbl_log1_0.crt_time  
               Remote SQL: SELECT id, orderid, info, crt_time FROM public.tbl_log_0 ORDER BY id ASC NULLS LAST  
         ->  Foreign Scan on public.tbl_log1_1  (cost=100.00..146.46 rows=1077 width=52)  
               Output: tbl_log1_1.id, tbl_log1_1.orderid, tbl_log1_1.info, tbl_log1_1.crt_time  
               Remote SQL: SELECT id, orderid, info, crt_time FROM public.tbl_log_1 ORDER BY id ASC NULLS LAST  
         ->  Foreign Scan on public.tbl_log1_2  (cost=100.00..146.46 rows=1077 width=52)  
               Output: tbl_log1_2.id, tbl_log1_2.orderid, tbl_log1_2.info, tbl_log1_2.crt_time  
               Remote SQL: SELECT id, orderid, info, crt_time FROM public.tbl_log_2 ORDER BY id ASC NULLS LAST  
         ->  Foreign Scan on public.tbl_log1_3  (cost=100.00..146.46 rows=1077 width=52)  
               Output: tbl_log1_3.id, tbl_log1_3.orderid, tbl_log1_3.info, tbl_log1_3.crt_time  
               Remote SQL: SELECT id, orderid, info, crt_time FROM public.tbl_log_3 ORDER BY id ASC NULLS LAST  
         ->  Foreign Scan on public.tbl_log2_0  (cost=100.00..146.46 rows=1077 width=52)  
               Output: tbl_log2_0.id, tbl_log2_0.orderid, tbl_log2_0.info, tbl_log2_0.crt_time  
               Remote SQL: SELECT id, orderid, info, crt_time FROM public.tbl_log_0 ORDER BY id ASC NULLS LAST  
         ->  Foreign Scan on public.tbl_log2_1  (cost=100.00..146.46 rows=1077 width=52)  
               Output: tbl_log2_1.id, tbl_log2_1.orderid, tbl_log2_1.info, tbl_log2_1.crt_time  
               Remote SQL: SELECT id, orderid, info, crt_time FROM public.tbl_log_1 ORDER BY id ASC NULLS LAST  
         ->  Foreign Scan on public.tbl_log2_2  (cost=100.00..146.46 rows=1077 width=52)  
               Output: tbl_log2_2.id, tbl_log2_2.orderid, tbl_log2_2.info, tbl_log2_2.crt_time  
               Remote SQL: SELECT id, orderid, info, crt_time FROM public.tbl_log_2 ORDER BY id ASC NULLS LAST  
         ->  Foreign Scan on public.tbl_log2_3  (cost=100.00..146.46 rows=1077 width=52)  
               Output: tbl_log2_3.id, tbl_log2_3.orderid, tbl_log2_3.info, tbl_log2_3.crt_time  
               Remote SQL: SELECT id, orderid, info, crt_time FROM public.tbl_log_3 ORDER BY id ASC NULLS LAST  
         ->  Foreign Scan on public.tbl_log3_0  (cost=100.00..146.46 rows=1077 width=52)  
               Output: tbl_log3_0.id, tbl_log3_0.orderid, tbl_log3_0.info, tbl_log3_0.crt_time  
               Remote SQL: SELECT id, orderid, info, crt_time FROM public.tbl_log_0 ORDER BY id ASC NULLS LAST  
         ->  Foreign Scan on public.tbl_log3_1  (cost=100.00..146.46 rows=1077 width=52)  
               Output: tbl_log3_1.id, tbl_log3_1.orderid, tbl_log3_1.info, tbl_log3_1.crt_time  
               Remote SQL: SELECT id, orderid, info, crt_time FROM public.tbl_log_1 ORDER BY id ASC NULLS LAST  
         ->  Foreign Scan on public.tbl_log3_2  (cost=100.00..146.46 rows=1077 width=52)  
               Output: tbl_log3_2.id, tbl_log3_2.orderid, tbl_log3_2.info, tbl_log3_2.crt_time  
               Remote SQL: SELECT id, orderid, info, crt_time FROM public.tbl_log_2 ORDER BY id ASC NULLS LAST  
         ->  Foreign Scan on public.tbl_log3_3  (cost=100.00..146.46 rows=1077 width=52)  
               Output: tbl_log3_3.id, tbl_log3_3.orderid, tbl_log3_3.info, tbl_log3_3.crt_time  
               Remote SQL: SELECT id, orderid, info, crt_time FROM public.tbl_log_3 ORDER BY id ASC NULLS LAST  
(52 rows)  
  
Time: 1.264 ms  
  
master=> explain verbose select * from tbl_log join tbl_user using (id) where id=1;  
                                                       QUERY PLAN                                                          
-------------------------------------------------------------------------------------------------------------------------  
 Nested Loop  (cost=200.00..621.07 rows=120 width=92)  
   Output: tbl_log0_0.id, tbl_log0_0.orderid, tbl_log0_0.info, tbl_log0_0.crt_time, tbl_user_0.info, tbl_user_0.crt_time  
   ->  Append  (cost=100.00..494.35 rows=20 width=52)  
         ->  Foreign Scan on public.tbl_log0_0  (cost=100.00..123.56 rows=5 width=52)  
               Output: tbl_log0_0.id, tbl_log0_0.orderid, tbl_log0_0.info, tbl_log0_0.crt_time  
               Remote SQL: SELECT id, orderid, info, crt_time FROM public.tbl_log_0 WHERE ((id = 1))  
         ->  Foreign Scan on public.tbl_log0_1  (cost=100.00..123.56 rows=5 width=52)  
               Output: tbl_log0_1.id, tbl_log0_1.orderid, tbl_log0_1.info, tbl_log0_1.crt_time  
               Remote SQL: SELECT id, orderid, info, crt_time FROM public.tbl_log_1 WHERE ((id = 1))  
         ->  Foreign Scan on public.tbl_log0_2  (cost=100.00..123.56 rows=5 width=52)  
               Output: tbl_log0_2.id, tbl_log0_2.orderid, tbl_log0_2.info, tbl_log0_2.crt_time  
               Remote SQL: SELECT id, orderid, info, crt_time FROM public.tbl_log_2 WHERE ((id = 1))  
         ->  Foreign Scan on public.tbl_log0_3  (cost=100.00..123.56 rows=5 width=52)  
               Output: tbl_log0_3.id, tbl_log0_3.orderid, tbl_log0_3.info, tbl_log0_3.crt_time  
               Remote SQL: SELECT id, orderid, info, crt_time FROM public.tbl_log_3 WHERE ((id = 1))  
   ->  Materialize  (cost=100.00..125.23 rows=6 width=44)  
         Output: tbl_user_0.info, tbl_user_0.crt_time, tbl_user_0.id  
         ->  Append  (cost=100.00..125.20 rows=6 width=44)  
               ->  Foreign Scan on public.tbl_user_0  (cost=100.00..125.17 rows=6 width=44)  
                     Output: tbl_user_0.info, tbl_user_0.crt_time, tbl_user_0.id  
                     Remote SQL: SELECT id, info, crt_time FROM public.tbl_user WHERE ((id = 1))  
(21 rows)  
  
Time: 1.018 ms  
```  
  
## 小结  
在同一个vpc内的所有rds pg实例，可以互联互通。甚至和mysql实例也能互联互通。  
  
利用PostgreSQL的postgres_fdw, partition table的接口，可以实现数据库的分库分表。但是目前还不是特别的完善，未来PG社区可能会在这个形态下发力(bruce 多次公开分享了社区使用postgres_fdw做sharding的想法)，在性能、功能方面实现更完美的操作。  
  
- 目前这周方案使用起来较为复杂  
- 如果是简单的增删改查操作，PG单库已经可以提供很强的能力 [《PostgreSQL 11 1万亿 tpcb 性能测试 on 阿里云ECS + ESSD + zfs/lvm2条带 + block_size=32K》](../201809/20180919_01.md)    
- 如果业务确定要用分库分表，一定要明确是分析业务，还是oltp业务。    
- oltp 业务建议使用citus, antdb这样的形态  
- （或者应用层决策分库，例如很多paas类场景，例如企业erp，每个企业对应一套数据库，没有跨企业的数据操作，所以可以用schema或database隔离企业数据，在业务层面实现简单分库分表效率是最高的），  
- ap业务建议使用greenplum。   
  
## 参考  
[《阿里云 RDS PostgreSQL 云盘版支持 mysql_fdw - 直接读写mysql数据，作为小型实时数据仓库》](../201911/20191112_03.md)    
  
[《阿里云RDS PG 11开放dblink, postgres_fdw权限》](../201910/20191023_01.md)    
  
https://www.postgresql.org/docs/12/postgres-fdw.html  
  
  
  
  
  
  
  
  
  
  
  
  
  
  
  
  
  
  
  
  
  
  
  
  
  
  
  
  
  
  
  
  
  
  
  
  
  
  
  
  
  
  
  
  
  
  
  
  
  
  
  
  
  
  
  
  
#### [PostgreSQL 许愿链接](https://github.com/digoal/blog/issues/76 "269ac3d1c492e938c0191101c7238216")
您的愿望将传达给PG kernel hacker、数据库厂商等, 帮助提高数据库产品质量和功能, 说不定下一个PG版本就有您提出的功能点. 针对非常好的提议，奖励限量版PG文化衫、纪念品、贴纸、PG热门书籍等，奖品丰富，快来许愿。[开不开森](https://github.com/digoal/blog/issues/76 "269ac3d1c492e938c0191101c7238216").  
  
  
#### [9.9元购买3个月阿里云RDS PostgreSQL实例](https://www.aliyun.com/database/postgresqlactivity "57258f76c37864c6e6d23383d05714ea")
  
  
#### [PostgreSQL 解决方案集合](https://yq.aliyun.com/topic/118 "40cff096e9ed7122c512b35d8561d9c8")
  
  
#### [德哥 / digoal's github - 公益是一辈子的事.](https://github.com/digoal/blog/blob/master/README.md "22709685feb7cab07d30f30387f0a9ae")
  
  
![digoal's wechat](../pic/digoal_weixin.jpg "f7ad92eeba24523fd47a6e1a0e691b59")
  
  
#### [PolarDB 学习图谱: 训练营、培训认证、在线互动实验、解决方案、生态合作、写心得拿奖品](https://www.aliyun.com/database/openpolardb/activity "8642f60e04ed0c814bf9cb9677976bd4")
  
  
#### [购买PolarDB云服务折扣活动进行中, 55元起](https://www.aliyun.com/activity/new/polardb-yunparter?userCode=bsb3t4al "e0495c413bedacabb75ff1e880be465a")
  
  
#### [About 德哥](https://github.com/digoal/blog/blob/master/me/readme.md "a37735981e7704886ffd590565582dd0")
  
